{"cameraMode":{"drawMode":0,"name":"Shaded","section":"Shading Mode"},"sceneLighting":true,"audioPlay":false,"sceneViewState":{"showFog":false,"showMaterialUpdate":false,"showSkybox":true,"showFlares":false,"showImageEffects":false,"showParticleSystems":false},"in2DMode":false,"pivot":{"x":552.0425415039063,"y":331.2200622558594,"z":-74.08718872070313},"rotation":{"x":-0.09764940291643143,"y":-0.01284781750291586,"z":0.0012543045450001956,"w":-0.9951781034469605},"size":231.81373596191407,"orthographic":false}