{"cameraMode":{"drawMode":0,"name":"Shaded","section":"Shading Mode"},"sceneLighting":true,"audioPlay":false,"sceneViewState":{"showFog":false,"showMaterialUpdate":false,"showSkybox":true,"showFlares":false,"showImageEffects":false,"showParticleSystems":false},"in2DMode":false,"pivot":{"x":-16.497467041015626,"y":2.41034197807312,"z":1.7181410789489747},"rotation":{"x":0.031776536256074908,"y":-0.955234169960022,"z":0.27241772413253786,"w":0.11141572147607804},"size":17.034818649291993,"orthographic":false}