{"cameraMode":{"drawMode":0,"name":"Shaded","section":"Shading Mode"},"sceneLighting":true,"audioPlay":false,"sceneViewState":{"showFog":false,"showMaterialUpdate":false,"showSkybox":true,"showFlares":false,"showImageEffects":false,"showParticleSystems":false},"in2DMode":false,"pivot":{"x":516.3240966796875,"y":328.4808654785156,"z":16.7972412109375},"rotation":{"x":-0.03475574776530266,"y":-0.0518481582403183,"z":0.0018055220134556294,"w":-0.9980493783950806},"size":331.0574035644531,"orthographic":false}