{"cameraMode":{"drawMode":0,"name":"Shaded","section":"Shading Mode"},"sceneLighting":false,"audioPlay":false,"sceneViewState":{"showFog":false,"showMaterialUpdate":false,"showSkybox":false,"showFlares":false,"showImageEffects":false,"showParticleSystems":false},"in2DMode":false,"pivot":{"x":-1.6365766525268555,"y":0.6005654335021973,"z":0.33423614501953127},"rotation":{"x":0.1276378035545349,"y":-0.8000321388244629,"z":0.18337391316890717,"w":0.5569143891334534},"size":3.3052635192871095,"orthographic":false}