{"cameraMode":{"drawMode":0,"name":"Shaded","section":"Shading Mode"},"sceneLighting":false,"audioPlay":false,"sceneViewState":{"showFog":false,"showMaterialUpdate":false,"showSkybox":false,"showFlares":false,"showImageEffects":false,"showParticleSystems":false},"in2DMode":false,"pivot":{"x":0.0,"y":3.2200000286102297,"z":5.059999942779541},"rotation":{"x":-0.051327187567949298,"y":0.011623259633779526,"z":-0.00020263457554392517,"w":-0.9993264079093933},"size":0.0000173361931956606,"orthographic":false}