{"cameraMode":{"drawMode":0,"name":"Shaded","section":"Shading Mode"},"sceneLighting":true,"audioPlay":false,"sceneViewState":{"showFog":false,"showMaterialUpdate":false,"showSkybox":true,"showFlares":false,"showImageEffects":false,"showParticleSystems":false},"in2DMode":false,"pivot":{"x":-5.469455718994141,"y":-8.792720794677735,"z":68.0991439819336},"rotation":{"x":0.21136337518692017,"y":-0.6743921041488648,"z":0.21123608946800233,"w":0.6759108304977417},"size":40.068206787109378,"orthographic":false}