{"cameraMode":{"drawMode":0,"name":"Shaded","section":"Shading Mode"},"sceneLighting":false,"audioPlay":false,"sceneViewState":{"showFog":false,"showMaterialUpdate":false,"showSkybox":false,"showFlares":false,"showImageEffects":false,"showParticleSystems":false},"in2DMode":false,"pivot":{"x":-17.260000228881837,"y":3.0900001525878908,"z":1.1200000047683716},"rotation":{"x":-0.2656385004520416,"y":0.5021588206291199,"z":-0.16574202477931977,"w":-0.8066662549972534},"size":2.5980801582336427,"orthographic":false}