{"cameraMode":{"drawMode":0,"name":"Shaded","section":"Shading Mode"},"sceneLighting":false,"audioPlay":false,"sceneViewState":{"showFog":false,"showMaterialUpdate":false,"showSkybox":false,"showFlares":false,"showImageEffects":false,"showParticleSystems":false},"in2DMode":false,"pivot":{"x":5.960464477539063e-8,"y":1.1920928955078126e-7,"z":0.0},"rotation":{"x":-0.049714863300323489,"y":-0.05481080710887909,"z":0.0027305674739181997,"w":-0.9972728490829468},"size":1.9899753332138062,"orthographic":false}