{"cameraMode":{"drawMode":0,"name":"Shaded","section":"Shading Mode"},"sceneLighting":false,"audioPlay":false,"sceneViewState":{"showFog":false,"showMaterialUpdate":false,"showSkybox":false,"showFlares":false,"showImageEffects":false,"showParticleSystems":false},"in2DMode":false,"pivot":{"x":-0.0477747917175293,"y":0.20814108848571778,"z":0.9704008102416992},"rotation":{"x":0.08291733264923096,"y":-0.9009301066398621,"z":0.197976216673851,"w":0.37731456756591799},"size":2.707517385482788,"orthographic":false}