{"cameraMode":{"drawMode":0,"name":"Shaded","section":"Shading Mode"},"sceneLighting":true,"audioPlay":false,"sceneViewState":{"showFog":false,"showMaterialUpdate":false,"showSkybox":true,"showFlares":false,"showImageEffects":false,"showParticleSystems":false},"in2DMode":false,"pivot":{"x":176.83335876464845,"y":610.7399291992188,"z":0.0},"rotation":{"x":-0.051327187567949298,"y":0.011623259633779526,"z":-0.00020263457554392517,"w":-0.9993264079093933},"size":107.72671508789063,"orthographic":false}