{"cameraMode":{"drawMode":0,"name":"Shaded","section":"Shading Mode"},"sceneLighting":true,"audioPlay":false,"sceneViewState":{"showFog":false,"showMaterialUpdate":false,"showSkybox":true,"showFlares":false,"showImageEffects":false,"showParticleSystems":false},"in2DMode":false,"pivot":{"x":411.743896484375,"y":361.7059326171875,"z":-39.9302978515625},"rotation":{"x":-0.03475574776530266,"y":-0.0518481582403183,"z":0.0018055220134556294,"w":-0.9980493783950806},"size":330.9139404296875,"orthographic":false}