{"cameraMode":{"drawMode":0,"name":"Shaded","section":"Shading Mode"},"sceneLighting":true,"audioPlay":false,"sceneViewState":{"showFog":false,"showMaterialUpdate":false,"showSkybox":true,"showFlares":false,"showImageEffects":false,"showParticleSystems":false},"in2DMode":false,"pivot":{"x":-49.09838104248047,"y":11.388111114501954,"z":158.8968505859375},"rotation":{"x":-0.00439265975728631,"y":-0.9747079014778137,"z":0.22493542730808259,"w":-0.01700672321021557},"size":18.54432487487793,"orthographic":false}