{"cameraMode":{"drawMode":0,"name":"Shaded","section":"Shading Mode"},"sceneLighting":false,"audioPlay":false,"sceneViewState":{"showFog":false,"showMaterialUpdate":false,"showSkybox":false,"showFlares":false,"showImageEffects":false,"showParticleSystems":false},"in2DMode":false,"pivot":{"x":17.670000076293947,"y":4.409999847412109,"z":44.84000015258789},"rotation":{"x":0.08623111248016358,"y":-0.8926182985305786,"z":0.19344772398471833,"w":0.39915725588798525},"size":2.1794495582580568,"orthographic":false}